scenario,source,element,atoms_in,atoms_out_accounted,residual_out_minus_in,relative_residual,residual_percent,absolute_tolerance,relative_tolerance,allowed_absolute_residual,status
1,ASPEN,C,1.916783852,1.91678385468,2.6799999996995894e-09,1.3981753847222986e-09,1.3981753847222985e-07,9.9999999999999995e-07,9.9999999999999995e-07,2.916783852e-06,PASS
1,ASPEN,H,4.3091058320000002,4.3091058247199996,-7.2800006023499009e-09,-1.6894457658216785e-09,-1.6894457658216784e-07,9.9999999999999995e-07,9.9999999999999995e-07,5.3091058319999997e-06,PASS
1,ASPEN,O,3.1120051219999998,3.112005125,3.000000248221113e-09,9.6400877588951248e-10,9.6400877588951254e-08,9.9999999999999995e-07,9.9999999999999995e-07,4.1120051219999995e-06,PASS
1,ANN,C,1.9167838523855121,1.915185330552049,-0.0015985218334630957,-0.00083396040272025094,-0.083396040272025102,9.9999999999999995e-07,9.9999999999999995e-07,2.9167838523855118e-06,FAIL
1,ANN,H,4.3091058319274085,4.306768573820591,-0.002337258106817508,-0.00054239979197078154,-0.05423997919707816,9.9999999999999995e-07,9.9999999999999995e-07,5.3091058319274081e-06,FAIL
1,ANN,O,3.1120051226550114,3.1104947328567505,-0.0015103897982609027,-0.00048534296658622191,-0.048534296658622196,9.9999999999999995e-07,9.9999999999999995e-07,4.1120051226550109e-06,INCOMPLETE_NO_ANN_O2
2,ASPEN,C,1.166846574,1.1668465744400001,4.4000003640576324e-10,3.7708473951071758e-10,3.7708473951071759e-08,9.9999999999999995e-07,9.9999999999999995e-07,2.1668465739999999e-06,PASS
2,ASPEN,H,5.2207548920000004,5.2207548997600002,7.7599997538868593e-09,1.4863750385557956e-09,1.4863750385557957e-07,9.9999999999999995e-07,9.9999999999999995e-07,6.2207548920000001e-06,PASS
2,ASPEN,O,2.0023931739999998,2.0023931749999999,1.000000082740371e-09,4.9940246287534097e-10,4.994024628753409e-08,9.9999999999999995e-07,9.9999999999999995e-07,3.0023931739999994e-06,PASS
2,ANN,C,1.1668465743569478,1.1671589750112616,0.00031240065431381581,0.00026773070357255892,0.026773070357255891,9.9999999999999995e-07,9.9999999999999995e-07,2.1668465743569476e-06,FAIL
2,ANN,H,5.2207548928710752,5.2235104171559215,0.0027555242848462669,0.00052780188715791402,0.052780188715791404,9.9999999999999995e-07,9.9999999999999995e-07,6.2207548928710744e-06,FAIL
2,ANN,O,2.0023931748101562,2.0050689578056335,0.0026757829954773271,0.0013362925069553405,0.13362925069553405,9.9999999999999995e-07,9.9999999999999995e-07,3.0023931748101559e-06,INCOMPLETE_NO_ANN_O2
3,ASPEN,C,1.9990096720000001,1.9990096685399998,-3.4600002862816837e-09,-1.7308572013160742e-09,-1.7308572013160741e-07,9.9999999999999995e-07,9.9999999999999995e-07,2.9990096719999999e-06,PASS
3,ASPEN,H,4.4654411060000001,4.4654410977600003,-8.2399997936022373e-09,-1.8452823803969877e-09,-1.8452823803969875e-07,9.9999999999999995e-07,9.9999999999999995e-07,5.465441106e-06,PASS
3,ASPEN,O,2.2406102843000002,2.2406102801999999,-4.1000003392355211e-09,-1.8298587523070402e-09,-1.8298587523070403e-07,9.9999999999999995e-07,9.9999999999999995e-07,3.2406102843e-06,PASS
3,ANN,C,1.9990096717482608,2.0107145620277151,0.011704890279454316,0.0058553444962663173,0.5855344496266317,9.9999999999999995e-07,9.9999999999999995e-07,2.9990096717482609e-06,FAIL
3,ANN,H,4.4654411056900685,4.4650088450871408,-0.00043226060292766988,-9.6801322130721576e-05,-0.0096801322130721582,9.9999999999999995e-07,9.9999999999999995e-07,5.4654411056900681e-06,FAIL
3,ANN,O,2.2406102836418547,2.2381062060594559,-0.0025040775823987893,-0.0011175872933729015,-0.11175872933729014,9.9999999999999995e-07,9.9999999999999995e-07,3.2406102836418545e-06,INCOMPLETE_NO_ANN_O2
4,ASPEN,C,1.3113749690000001,1.3113749689300001,-7.000000579182597e-11,-5.3379092514786264e-11,-5.3379092514786263e-09,9.9999999999999995e-07,9.9999999999999995e-07,2.3113749689999997e-06,PASS
4,ASPEN,H,5.2281806060000005,5.2281806057200004,-2.8000002316730388e-10,-5.3555920169622358e-11,-5.3555920169622359e-09,9.9999999999999995e-07,9.9999999999999995e-07,6.2281806060000001e-06,PASS
4,ASPEN,O,2.3083131570000002,2.3083131570000002,0,0,0,9.9999999999999995e-07,9.9999999999999995e-07,3.3083131570000003e-06,PASS
4,ANN,C,1.3113749689683298,1.3115935646492289,0.00021859568089910297,0.00016669197298395448,0.016669197298395447,9.9999999999999995e-07,9.9999999999999995e-07,2.31137496896833e-06,FAIL
4,ANN,H,5.2281806068528063,5.2306666783988476,0.0024860715460413019,0.0004755137079202464,0.047551370792024643,9.9999999999999995e-07,9.9999999999999995e-07,6.2281806068528056e-06,FAIL
4,ANN,O,2.3083131569496431,2.3085328936576843,0.00021973670804120715,9.5193629763641648e-05,0.0095193629763641648,9.9999999999999995e-07,9.9999999999999995e-07,3.3083131569496434e-06,INCOMPLETE_NO_ANN_O2
5,ASPEN,C,1.308379615,1.3083796142999999,-7.000000579182597e-10,-5.3501296557441373e-10,-5.3501296557441375e-08,9.9999999999999995e-07,9.9999999999999995e-07,2.3083796150000001e-06,PASS
5,ASPEN,H,5.8812980100000001,5.8812980151999996,5.1999995420715095e-09,8.8415848563190038e-10,8.8415848563190043e-08,9.9999999999999995e-07,9.9999999999999995e-07,6.8812980099999999e-06,PASS
5,ASPEN,O,2.5669970490000003,2.5669970489999998,-4.4408920985006262e-16,-1.729995015082164e-16,-1.729995015082164e-14,9.9999999999999995e-07,9.9999999999999995e-07,3.5669970489999997e-06,PASS
5,ANN,C,1.3083796148526439,1.3035736590391023,-0.0048059558135415958,-0.0036732120853800263,-0.36732120853800265,9.9999999999999995e-07,9.9999999999999995e-07,2.3083796148526439e-06,FAIL
5,ANN,H,5.881298010426641,5.8780096247792235,-0.0032883856474175133,-0.00055912583269674635,-0.055912583269674639,9.9999999999999995e-07,9.9999999999999995e-07,6.8812980104266402e-06,FAIL
5,ANN,O,2.5669970498434225,2.5668767690658565,-0.00012028077756598421,-4.685660919373511e-05,-0.0046856609193735108,9.9999999999999995e-07,9.9999999999999995e-07,3.5669970498434226e-06,INCOMPLETE_NO_ANN_O2